name,camera_id
2,2
Losby,2
7,7
8,8
9,9
19,19
28,28
31,31
35,35
46,46
48,48
49,49
51,51
66,66
75,75
79,79
83,83
95,95
96,96
103,103
104,104
110,110
119,119
121,121
Ravnåsen,121
123,123
126,126
133,133
138,138
151,151
152,152
171,171
172,172
173,173
174,174
175,175
Solli,175
176,176
178,178
179,179
180,180
181,181
184,184
189,189
190,190
191,191
192,192
Gaupefjell,192
196,196
197,197
200,200
201,201
202,202
203,203
204,204
205,205
206,206
208,208
209,209
210,210
213,213
214,214
215,215
216,216
219,219
220,220
222,222
223,223
Kuklemåsan,223
226,226
Nord Elvågå,226
227,227
228,228
Vortungen,228
229,229
231,231
Marbukollen,231
232,232
Agnalt,232
234,234
236,236
237,237
238,238
239,239
243,243
244,244
Dalene,244
245,245
246,246
Langen,246
247,247
249,249
Rælingen,249
250,250
251,251
Bjørumåsen,251
253,253
254,254
255,255
256,256
257,257
Ødegården,257
258,258
Hølen - Video,258
260,260
261,261
Saglia,261
262,262
Piltingsrudbakka,262
263,263
264,264
Heiebrøtabakko,264
265,265
Skarobakko,265
266,266
267,267
268,268
Kammerud,268
269,269
270,270
Nygårdsetra,270
271,271
Villerud,271
272,272
Ristebu,272
273,273
Jomisberget,273
276,276
277,277
278,278
Seval,278
279,279
280,280
Rogne,280
281,281
Nordtorp,281
282,282
283,283
Skjellungskampen,283
284,284
285,285
Kalvberget,285
286,286
Sundheim,286
287,287
Gailberget,287
288,288
289,289
291,291
292,292
Sørby,292
295,295
296,296
297,297
Røisedalen,297
300,300
302,302
303,303
304,304
305,305
306,306
307,307
Fodnes,307
308,308
309,309
Heggelund,309
310,310
311,311
Øverlibygdi,311
312,312
313,313
Kvern,313
314,314
Kåterud,314
316,316
317,317
Øverlandsskogen,317
318,318
319,319
323,323
326,326
327,327
328,328
Andersrud (PC900),328
329,329
Høre,329
330,330
331,331
Sjukuåsen,331
332,332
334,334
335,335
Melby 2,335
336,336
Melby 1,336
337,337
338,338
Kulterud,338
339,339
340,340
341,341
Bjørgeseter,341
342,342
Stortjernet,342
345,345
347,347
349,349
350,350
352,352
Gillesvåg,352
353,353
Krakvika,353
356,356
Breivik,356
357,357
"Skreddalen, Oldereid",357
358,358
Skipselv vika,358
359,359
Sneliskolten,359
360,360
362,362
Skipmannvik,362
364,364
Nykkjekjelen,364
365,365
Stormyra,365
366,366
367,367
368,368
Langperhågen,368
369,369
370,370
Russelvdalen,370
371,371
Tømmerdal,371
372,372
Nystadnes lia,372
373,373
Tjærnfjell,373
374,374
Junkerdal,374
375,375
Dypendalen,375
376,376
378,378
Hellarmo,378
379,379
Bershola,379
380,380
382,382
Bølertjern,382
383,383
384,384
386,386
Storgrøva,386
387,387
388,388
389,389
390,390
Moudiejocha,390
391,391
Løvstad,391
393,393
Hemminghyttlia,393
394,394
395,395
396,396
Berby N,396
397,397
Berby S,397
398,398
399,399
400,400
401,401
Durud,401
402,402
404,404
Jordbru2,404
405,405
406,406
Korpholet,406
407,407
Stensjøen,407
408,408
Brustadkollen,408
409,409
410,410
413,413
Steinsvann sør,413
414,414
415,415
Svinesund,415
417,417
Grefsrødkollen,417
418,418
Stenbrudalen,418
419,419
Tillerås,419
420,420
Abbortjernhøgda,420
423,423
Piggåsen,423
424,424
Gravdalen,424
425,425
426,426
Elja,426
427,427
428,428
Trengselåsen,428
429,429
Beheim,429
431,431
Thon,431
432,432
Haukebøl,432
433,433
434,434
435,435
436,436
Tukusætra,436
437,437
Kråkehått,437
438,438
Kadaverkamera Nettum,438
439,439
440,440
Dyndalen,440
441,441
Isdalen,441
442,442
Stubbflåtten1,442
443,443
444,444
Fuglmyra,444
445,445
446,446
447,447
Nye Hagahøgget,447
448,448
Delingsdalen1,448
449,449
451,451
452,452
455,455
Gaupskardet,455
456,456
Sundvollen,456
457,457
Mønstervika,457
458,458
Plundropp,458
459,459
Kjærsrud,459
460,460
Lødeng,460
461,461
Korsetfjella,461
462,462
Ingedal,462
463,463
Knegterød,463
464,464
Håkenby,464
465,465
466,466
Brekke sluser,466
467,467
468,468
Melleby,468
469,469
Rambergkollen,469
470,470
Rørvannsåsen,470
471,471
Slevika,471
474,474
475,475
Kiskvatn,475
476,476
Skånland,476
477,477
Børsa,477
478,478
Kleva,478
480,480
Elsrud,480
481,481
482,482
Huevannet,482
483,483
Ulvevannet,483
484,484
Nestunnellen,484
485,485
Skarvannet,485
487,487
488,488
Sølvdobla,488
489,489
Tverråmoen,489
490,490
Risbekken,490
491,491
Solvik,491
492,492
493,493
Brandbukampen,493
494,494
Bøsnipa,494
495,495
Heggsjøen,495
496,496
497,497
498,498
Mokkalen,498
499,499
Skullerudtjern2,499
500,500
501,501
Hansekollen,501
502,502
Renoset,502
503,503
Oppkuven,503
504,504
Lortholkollen,504
506,506
Helvete,506
507,507
Glotjern,507
508,508
510,510
511,511
Langlia,511
512,512
513,513
Grefsen,513
514,514
515,515
516,516
Kynndalen,516
517,517
Sæteråsen,517
518,518
Heberget,518
519,519
Bjørklundsvingen,519
520,520
Kommunekoia,520
521,521
Gjefsåsen,521
522,522
Klintevja,522
523,523
2 kilometeren,524
524,524
525,525
Oslia,525
526,526
Gråberget,526
527,527
Tuvmyra,527
528,528
Skredderstua,528
529,529
Gammelsetra,529
530,530
Gransjøen,530
531,531
Mørstad,531
532,532
533,533
534,534
Høysvea,534
535,535
536,536
537,537
Tallhaugsetra,537
538,538
Nyborg,538
539,539
540,540
541,541
542,542
543,543
544,544
545,545
546,546
547,547
549,549
Rute 19,549
550,550
Berge,550
551,551
552,552
553,553
554,554
555,555
556,556
557,557
558,558
559,559
Rute 52,559
560,560
561,561
562,562
563,563
564,564
565,565
Rute 34,565
566,566
567,567
568,568
569,569
570,570
Sjøliseterberget,570
571,571
Svartåssætrene ,571
572,572
Furuhaugen,572
573,573
Gradalskollen,573
574,574
575,575
576,576
Rute 33,576
577,577
578,578
Rute_26,578
579,579
Rute_27,579
580,580
Rute_28,580
581,581
Rute_29,581
582,582
Rute_30,582
583,583
584,584
585,585
586,586
Knøsberget,586
587,587
588,588
589,589
590,590
591,591
Rute 34 Todalen,591
592,592
593,593
594,594
595,595
Rute 41,595
596,596
Rute 42,596
597,597
Rute 43,597
598,598
Rute 48 A,598
599,599
Rute 48 B,599
600,600
Rute 49,600
601,601
Rute 50,601
602,602
603,603
Rute14,603
604,604
605,605
606,606
607,607
608,608
609,609
610,610
Rute 29,610
611,611
612,612
613,613
614,614
615,615
616,616
617,617
618,618
619,619
620,620
621,621
Rute 28,621
622,622
Rute 0,622
623,623
624,624
Rute 26,624
625,625
Rute 27,625
626,626
627,627
628,628
629,629
630,630
"Rute 23, Kvernmo",630
631,631
Trøsken2_bilder,631
632,632
633,633
634,634
635,635
Pinneåsen,635
636,636
Vinterdalen,636
637,637
Fjellveien,637
638,638
Nestingen2,638
639,639
Kykkelsrud,639
640,640
Staås,640
641,641
642,642
Veltdigerheden,642
643,643
Reiarsjøåsen/Lindberget,643
644,644
Storberget,644
645,645
Polhøyda/Gretvikskogen,645
646,646
Kjellmyra,646
647,647
Brattlia,647
648,648
649,649
650,650
Aamodtsbakken,650
651,651
Sjødalsåsen,651
652,652
653,653
Ådalen,653
654,654
Dødhaug,654
655,655
Fjellet,655
656,656
Kjenn,656
657,657
658,658
Einangsteinen,658
659,659
Haugenvegen,659
660,660
Flubergbru,660
661,661
662,662
Slangsvoll,662
663,663
664,664
Elvåga,664
665,665
Rømskog nord,665
666,666
667,667
668,668
Skar,668
669,669
Juvik,669
670,670
671,671
672,672
Tomlesveen,672
673,673
Ågårdselva,673
674,674
Grinderkollen,674
675,675
Skullerudstien2,675
676,676
Kaffebanken2,676
677,677
678,678
679,679
Rute 23,679
680,680
681,681
682,682
683,683
RUTE 33,683
684,684
685,685
686,686
Rute 45,686
687,687
Rute 46,687
688,688
Rute 47,688
689,689
690,690
Rute 49B,690
691,691
Skullerudtjern3,691
692,692
Knoll,692
693,693
Holene,693
694,694
Glansenberg,694
695,695
Hieåsen,695
696,696
Hekollen,696
697,697
Tunnsjøen,697
698,698
Monsedalen,698
699,699
Kastet,699
700,700
Fjellstad,700
701,701
Minge,701
702,702
703,703
Risen,703
704,704
Plundropp2,704
705,705
Elgåsen,705
706,706
Slevika2,706
707,707
708,708
Thon2,708
709,709
Rute 31_2 Haugsberget,709
710,710
Rute 32_2,710
711,711
712,712
713,713
714,714
715,715
Byttingsdalen2,715
716,716
717,717
718,718
719,719
720,720
721,721
"Baksia, Skjåkstr.",721
722,722
Oskoia,722
723,723
Haloset,723
724,724
Reiarsjøåsen,724
725,725
Isdalen2,725
726,726
Børådalen,726
727,727
Sauskardfjellet,727
728,728
Krokhol,728
729,729
730,730
Grøtøya,730
731,731
Bjørka,731
732,732
Kolåa,732
733,733
Hammaråsen,733
734,734
Dølannemyra,734
735,735
736,736
Helstad,736
737,737
738,738
Løpa,738
739,739
Styggberget,739
740,740
Rute 12 Dromnes,740
741,741
Rute 21 Stemshaug,741
742,742
Rute 22 Åsgård,742
743,743
Moen,743
744,744
Selmergården,744
745,745
Åsten,745
746,746
Bergselva,746
747,747
Vennasætra,747
748,748
Sperilla,748
749,749
Toresætra,749
750,750
Skrøvsetelva,750
751,751
Livollen,751
752,752
Vestby,752
753,753
Kattskjæret,753
754,754
755,755
756,756
Finnskogvegen,756
757,757
Bråtedammen,757
759,759
Enskåra,759
760,760
761,761
Kusta,761
762,762
Elisbo,762
763,763
Målhammar Gård,763
764,764
Näsbyborgen,764
765,765
Hällhöjd,765
766,766
Osa/Oslia,766
767,767
Torpunga,767
768,768
Tängsta naturreservat,768
769,769
Säbybergen naturreservat,769
770,770
Helveteskärret,770
771,771
772,772
Östanbäck,772
773,773
Västervåla,773
774,774
Sätra Brunn,774
775,775
Vallsjöbäcken,775
776,776
Hässjemossen,776
777,777
Ljusberget,777
778,778
Tååsen,778
779,779
Ängsbovallen,779
780,780
Pålshålet,780
781,781
Metkroksvägen,781
782,782
Sunnansjö,782
783,783
Övre vägbommen,783
784,784
Insjövägen,784
785,785
Prästhyttan,785
786,786
Persbo,786
787,787
Hökberget,787
788,788
Ölstabrännan,788
789,789
Tingvastbo,789
790,790
Nyängen,790
791,791
Stabacken,791
792,792
Västra Skedvi,792
793,793
Högtorpsberget,793
794,794
Trummelsberg,794
795,795
Ristjärn,795
796,796
Övre håsjön,796
797,797
Röda Jorden,797
798,798
Vinnsjömossens naturreservat,798
799,799
Knåpebo,799
800,800
Färjebron,800
801,801
Bovallen,801
802,802
803,803
Hålsbo,803
804,804
Lapplands naturreservat,804
805,805
Sörby,805
806,806
807,807
Rövallsmossen,807
808,808
Granhammarsbrännan naturreservat,808
809,809
810,810
Utterdalen naturreservat,810
811,811
Dammtorpet,811
812,812
Gudmundstorp,812
813,813
814,814
Myrene,814
815,815
Amundstuen,815
816,816
Slåttaviki,816
817,817
Lindelia,817
818,818
Lynghaugen,818
819,819
Gaupebås,819
820,820
821,821
Kikut,821
822,822
823,823
Blekåsen,823
824,824
825,825
826,826
Bergsjø/Nipa,826
827,827
828,828
829,829
Nordre Gren,829
830,830
831,831
832,832
Bergan,832
833,833
Urdhogget,833
834,834
835,835
836,836
Tovsrud evt. Området vest for uttak,836
837,837
Gampehuet,837
838,838
Koboltgruvene,838
839,839
840,840
Høgåsen,840
841,841
Vikersundbakken,841
842,842
Hørtekollen,842
843,843
Fjerdingstad,843
844,844
Langsjøen,844
845,845
846,846
847,847
848,848
Somdalskollen,848
849,849
850,850
Væleren syd,850
851,851
Døviken,851
852,852
Melåa,852
853,853
854,854
Øst-Ingebu,854
855,855
Flågan,855
857,857
858,858
859,859
Skjæråsen,859
860,860
Sotdalen,860
861,861
Fyranflaget,861
862,862
863,863
Tovsrud,863
864,864
Garsjø,864
865,865
Øksne,865
866,866
867,867
868,868
Rute 6/10?,868
869,869
870,870
Bogsvea,870
871,871
Otteråsen,871
872,872
Nordsjøen,872
873,873
Skjeftbekken,873
874,874
Talnesberget,874
875,875
Ravnklevskjæra,875
876,876
877,877
Grønberget,877
878,878
"Nyslåtta, Slettås",878
879,879
Tverrena,879
880,880
Okshammeren,880
881,881
Blekufjellet,881
882,882
Revbakkvegen,882
883,883
Veggersætra,883
884,884
Lettanoppi,884
885,885
Lysegga,885
886,886
887,887
Laupåsen,887
888,888
Horsfjordbrua,888
889,889
Kveinå,889
890,890
Sørbergli,890
891,891
Gråfjell,891
892,892
Dypaunet,892
893,893
Trongsundet,893
894,894
Slettbakken,894
895,895
Finnoladørja,895
896,896
897,897
898,898
Heimstad,898
899,899
Blindneset,899
900,900
Terråk,900
901,901
Landdalen punkt 2,901
902,902
Hombornes,902
903,903
Bekkevold,903
904,904
Bordvika,904
905,905
Sæterlandet,905
906,906
Gåsheia,906
907,907
Eide,907
908,908
Drevja,908
909,909
Drevvatn,909
910,910
Breivika,910
911,911
Aspvika,911
912,912
Hongset,912
913,913
Steinsdalen,913
914,914
Gaupa,914
915,915
916,916
Vikamyra,916
917,917
Masstuodden,917
918,918
Damsætra,918
919,919
Valberg/Kviting,919
920,920
Dragåsen/Forslandsdalen,920
921,921
Sørelva/Fagervika,921
922,922
Ulvangen/Lia,922
923,923
Levangskardet,923
924,924
Hundåla,924
925,925
926,926
Fusta,926
927,927
Langåsen,927
928,928
Vikdalen,928
929,929
Gardberget,929
930,930
931,931
Vasslia,931
932,932
Tøysmyrskaret,932
933,933
Åsen,933
934,934
Brueng,934
935,935
Brennan,935
936,936
Skjådalen,936
937,937
Lyngbakken,937
938,938
Knyken/Solhuslykkja,938
939,939
Bjørnevatn V,939
940,940
Kløftåsen,940
941,941
Elsfjord,941
942,942
943,943
944,944
945,945
946,946
Stigen,946
947,947
Luktvatn,947
948,948
Herringen,948
949,949
Andalen,949
950,950
Lauknes,950
951,951
Bønåvatn,951
952,952
Tøymtjønna,952
953,953
954,954
955,955
Ukkelfora,955
956,956
Damlia,956
957,957
Husdal,957
958,958
Krokå,958
959,959
Roberget ovom Botnan,959
960,960
Muruåsen,960
961,961
Tenåsen,961
962,962
Tyttebærveien,962
963,963
Melvasslia,963
964,964
Fenestunellen,964
965,965
Berg,965
966,966
Husuberget S,966
967,967
Husuberget N,967
968,968
Husuberget Ø,968
969,969
Huldretjern,969
970,970
Slottet,970
971,971
Ravnåsen 2,971
972,972
973,973
Stupulmyra,973
974,974
Tennel,974
975,975
Gaupeskaret,975
976,976
Bjergård,976
977,977
978,978
979,979
980,980
Fåberg,980
981,981
982,982
Ringsåssætra,982
983,983
Väne-ryr,983
984,984
985,985
986,986
987,987
988,988
989,989
990,990
991,991
992,992
993,993
994,994
995,995
996,996
997,997
998,998
999,999
1000,1000
1001,1001
1002,1002
1003,1003
1004,1004
1005,1005
1006,1006
1007,1007
1008,1008
1009,1009
1010,1010
1011,1011
1012,1012
1013,1013
1014,1014
1015,1015
1016,1016
1017,1017
1018,1018
1019,1019
1020,1020
1021,1021
1022,1022
1023,1023
1024,1024
1025,1025
1026,1026
1027,1027
1028,1028
1029,1029
1030,1030
1031,1031
1032,1032
1033,1033
1034,1034
1035,1035
1036,1036
1037,1037
1038,1038
1039,1039
1040,1040
1041,1041
1042,1042
1043,1043
1044,1044
1045,1045
1046,1046
1047,1047
1048,1048
1049,1049
1050,1050
1051,1051
1052,1052
1053,1053
1054,1054
1055,1055
1056,1056
1057,1057
1058,1058
1059,1059
1060,1060
1061,1061
1062,1062
1063,1063
1064,1064
1065,1065
1066,1066
1067,1067
1068,1068
1069,1069
1070,1070
1071,1071
1072,1072
1073,1073
1074,1074
1075,1075
1076,1076
1077,1077
1078,1078
1079,1079
1080,1080
1081,1081
1082,1082
1083,1083
1084,1084
1085,1085
1086,1086
1087,1087
1088,1088
1089,1089
1090,1090
1091,1091
1092,1092
1093,1093
1094,1094
1095,1095
1096,1096
1097,1097
1098,1098
1099,1099
1100,1100
Molberget,1100
1101,1101
1102,1102
1103,1103
1104,1104
1105,1105
1106,1106
Svarttjønndalen,1106
1107,1107
1108,1108
1109,1109
1110,1110
1111,1111
1112,1112
1113,1113
1114,1114
1115,1115
1116,1116
1117,1117
Fjell nord,1117
1118,1118
Høybråthen,1118
1119,1119
Frosterud,1119
1120,1120
1121,1121
Botner N,1121
1122,1122
Botner S,1122
1123,1123
1124,1124
1125,1125
1126,1126
1127,1127
Åkredammen,1127
1128,1128
Vasskleiv,1128
1129,1129
Eftan,1129
1130,1130
Tørnes,1130
1131,1131
Henseidbakken,1131
1132,1132
Lysetjern,1132
1133,1133
Svartflaukilen,1133
1134,1134
Midtknatten Heldal,1134
1135,1135
Svinhølen,1135
1136,1136
Trollvannsdalen,1136
1137,1137
Langsjø,1137
1138,1138
Graveidet,1138
1139,1139
Haugelandsdalen,1139
1140,1140
Fiskåna,1140
1141,1141
Ansteinbråten,1141
1142,1142
Vatne,1142
1143,1143
Sletnesmoen,1143
1144,1144
Sagfjellet,1144
1145,1145
Kaldalsfjellet,1145
1146,1146
Skredfjellet,1146
1147,1147
Vågsdalsfjorden,1147
1148,1148
Berås,1148
1149,1149
Heldalsmo,1149
1150,1150
Røyslandsvatn,1150
1151,1151
Ubergsmoen,1151
1152,1152
Gauperåa,1152
1153,1153
Pussrikjerr,1153
1154,1154
Slottet2,1154
1155,1155
Helvete2,1155
1156,1156
Hakkloa,1156
1157,1157
Tykkene,1157
1158,1158
Bjørgosletto 2,1158
1159,1159
Foringsstasjonen 2,1159
1160,1160
Smedmoen,1160
1161,1161
Redealen 2,1161
1162,1162
1163,1163
Østby gård,1163
1164,1164
Solberg,1164
1165,1165
Holt,1165
1166,1166
1167,1167
Tveithegna,1167
1168,1168
Vølane,1168
1169,1169
Hasseleidet,1169
1170,1170
Båsdalen,1170
1171,1171
Kongens dam,1171
1172,1172
Midteidet,1172
1173,1173
Vestre Fiskevatn,1173
1174,1174
Knuten,1174
1175,1175
Bellandsvannet,1175
1176,1176
Vassenden,1176
1177,1177
Liheia,1177
1178,1178
Hovland,1178
1179,1179
Uldalsveien,1179
1180,1180
Mellomstjørn,1180
1181,1181
Båselandsdalen,1181
1182,1182
Saumyrdalen,1182
1183,1183
Haukedalen,1183
1184,1184
Suggelia,1184
1185,1185
Direnes,1185
1186,1186
Ørnefjellet,1186
1187,1187
Langedalsfjellane,1187
1188,1188
1189,1189
Gjeldkleivhalsen,1189
1190,1190
Austerhalla,1190
1191,1191
Spjoteveien,1191
1192,1192
Kjærestrøm,1192
1193,1193
Bjørkos,1193
1194,1194
Knaben,1194
1195,1195
Tollfridalen,1195
1196,1196
Stømnedalen,1196
1197,1197
Åbål,1197
1198,1198
Doktorplassen,1198
1199,1199
1200,1200
1201,1201
1202,1202
1203,1203
1204,1204
1205,1205
1206,1206
1207,1207
1208,1208
1209,1209
1210,1210
1211,1211
1212,1212
1213,1213
1214,1214
1215,1215
1216,1216
1217,1217
1218,1218
1219,1219
1220,1220
1221,1221
1222,1222
1223,1223
1224,1224
1225,1225
1226,1226
1227,1227
1228,1228
1229,1229
1230,1230
1231,1231
1232,1232
1233,1233
1234,1234
1235,1235
1236,1236
1237,1237
1238,1238
1239,1239
1240,1240
1241,1241
1242,1242
1243,1243
1244,1244
1245,1245
1246,1246
1247,1247
1248,1248
1249,1249
1250,1250
1251,1251
1252,1252
1253,1253
06.01.2019,1254
1254,1254
1255,1255
1256,1256
Klyvsetvegen Øst,1256
1257,1257
Klyvsetvegen Vest,1257
1258,1258
1259,1259
1260,1260
Boda,1260
1261,1261
Torstad,1261
1262,1262
Nyhuss,1262
1263,1263
Høljedalen ,1263
1264,1264
Sjølvgjetskaret,1264
1265,1265
1266,1266
Veidal,1266
1267,1267
Tønnerød,1267
1268,1268
1269,1269
1270,1270
Jonsten_A_1,1270
1271,1271
Jonsten_A_2,1271
1272,1272
Jonsten_B_1,1272
1273,1273
Jonsten_B_2,1273
1274,1274
Jonsten_C_1,1274
1275,1275
Jonsten_C_2,1275
1276,1276
Pinneaasen_A_1,1276
1277,1277
Pinneaasen_A_2,1277
1278,1278
Pinneaasen_A_3,1278
1279,1279
Pinneaasen_A_4,1279
1280,1280
Pinneaasen_A_5,1280
1281,1281
Pinneaasen_B_1,1281
1282,1282
Pinneaasen_B_2,1282
1283,1283
Pinneaasen_B_3,1283
1284,1284
Pinneaasen_B_4,1284
1285,1285
Pinneaasen_B_5,1285
1286,1286
Pinneaasen_C_1,1286
1287,1287
Pinneaasen_C_2,1287
1288,1288
Pinneaasen_C_3,1288
1289,1289
Pinneaasen_C_4,1289
1290,1290
Pinneaasen_C_5,1290
1291,1291
Bjoerneroed_1,1291
1292,1292
Bjoerneroed_2,1292
1293,1293
Bjoerneroed_3,1293
1294,1294
Bjoerneroed_4,1294
1295,1295
Bjoerneroed_5,1295
1296,1296
Hillestad_A_1,1296
1297,1297
Hillestad_A_2,1297
1298,1298
Hillestad_A_3,1298
1299,1299
Hillestad_A_4,1299
1300,1300
Hillestad_B_1,1300
1301,1301
Hillestad_B_2,1301
1303,1303
1304,1304
Røyrmark,1304
1305,1305
Hillestad_B_3,1305
1306,1306
Hillestad_B_4,1306
1307,1307
Hillestad_C_1,1307
1308,1308
Hillestad_C_2,1308
1309,1309
Hillestad_C_3,1309
1310,1310
Hillestad_C_4,1310
1311,1311
Hoerdalen_A_1,1311
1312,1312
Hoerdalen_A_2,1312
1313,1313
Hoerdalen_A_3,1313
1314,1314
Hoerdalen_A_4,1314
1315,1315
Hoerdalen_B_1,1315
1316,1316
Hoerdalen_B_2,1316
1317,1317
Hoerdalen_B_3,1317
1318,1318
Hoerdalen_B_4,1318
1319,1319
Hoerdalen_C_1,1319
1320,1320
Hoerdalen_C_2,1320
1321,1321
Hoerdalen_C_3,1321
1322,1322
Hoerdalen_C_4,1322
1323,1323
Ramsum_A_1,1323
1324,1324
Ramsum_A_2,1324
1325,1325
Ramsum_A_3,1325
1326,1326
Ramsum_A_4,1326
1327,1327
Ramsum_B_1,1327
1328,1328
Ramsum_B_2,1328
1329,1329
Ramsum_B_3,1329
1330,1330
Ramsum_B_4,1330
1331,1331
Ramsum_C_1,1331
1332,1332
Ramsum_C_2,1332
1333,1333
Ramsum_C_3,1333
1334,1334
Ramsum_C_4,1334
1335,1335
Storaas_1,1335
1336,1336
Storaas_2,1336
1337,1337
Storaas_3,1337
1338,1338
Storaas_4,1338
1339,1339
Storaas_5,1339
1340,1340
Svartedal_1,1340
1341,1341
Svartedal_2,1341
1342,1342
Svartedal_3,1342
1343,1343
Svartedal_4,1343
1344,1344
Hammarasen2,1344
1345,1345
1_0,1346
1346,1346
1_1,1347
1347,1347
1_2,1348
1348,1348
1_3,1349
1349,1349
1350,1350
1_5,1350
1351,1351
1_6,1351
1352,1352
1_7,1352
1353,1353
3_0,1353
1354,1354
3_1,1354
1355,1355
3_2,1355
1356,1356
3_3,1356
1357,1357
3_4,1357
1358,1358
3_7,1358
1359,1359
3_9,1359
1360,1360
5_0,1360
1361,1361
5_1,1361
1362,1362
5_2,1362
1363,1363
5_3,1363
1364,1364
5_4,1364
1365,1365
5_5,1365
1366,1366
5_6,1366
1367,1367
6_0,1367
1368,1368
6_1,1368
1369,1369
6_2,1369
1370,1370
6_3,1370
1371,1371
6_4,1371
1372,1372
6_5,1372
1373,1373
6_6,1373
1374,1374
7_0,1374
1375,1375
7_1,1375
1376,1376
7_2,1376
1377,1377
7_3,1377
1378,1378
7_4,1378
1379,1379
7_5,1379
1380,1380
7_6,1380
10_0,1381
1381,1381
10_1,1382
1382,1382
10_2,1383
1383,1383
10_3,1384
1384,1384
10_5,1385
1385,1385
10_6,1386
1386,1386
10_7,1387
1387,1387
11_0,1388
1388,1388
11_1,1389
1389,1389
11_2,1390
1390,1390
11_3,1391
1391,1391
11_6,1392
1392,1392
11_7,1393
1393,1393
11_8,1394
1394,1394
12_0,1395
1395,1395
12_3,1396
1396,1396
12_4,1397
1397,1397
12_5,1398
1398,1398
12_6,1399
1399,1399
12_7,1400
1400,1400
12_8,1401
1401,1401
13_0,1402
1402,1402
13_1,1403
1403,1403
13_2,1404
1404,1404
13_3,1405
1405,1405
13_4,1406
1406,1406
13_7,1407
1407,1407
13_11,1408
1408,1408
1409,1409
14_1,1409
1410,1410
14_2,1410
1411,1411
14_3,1411
1412,1412
14_4,1412
1413,1413
14_5,1413
1414,1414
14_6,1414
1415,1415
14_7,1415
1416,1416
15_0,1416
1417,1417
15_1,1417
1418,1418
15_2,1418
1419,1419
15_3,1419
1420,1420
15_4,1420
1421,1421
15_5,1421
1422,1422
15_8,1422
1423,1423
16_0,1423
1424,1424
16_1,1424
1425,1425
16_2,1425
1426,1426
16_4,1426
1427,1427
16_5,1427
1428,1428
16_6,1428
1429,1429
16_7,1429
1430,1430
17_0,1430
1431,1431
17_1,1431
1432,1432
17_2,1432
1433,1433
17_3,1433
1434,1434
17_4,1434
1435,1435
17_5,1435
1436,1436
17_7,1436
1437,1437
18_0,1437
1438,1438
18_1,1438
1439,1439
18_2,1439
1440,1440
18_4,1440
1441,1441
18_5,1441
1442,1442
18_6,1442
1443,1443
18_8,1443
1444,1444
19_0,1444
1445,1445
19_1,1445
1446,1446
19_2,1446
1447,1447
19_3,1447
1448,1448
19_4,1448
1449,1449
19_8,1449
1450,1450
19_9,1450
1451,1451
21_0,1451
1452,1452
21_1,1452
1453,1453
21_2,1453
1454,1454
21_3,1454
1455,1455
21_4,1455
1456,1456
21_5,1456
1457,1457
21_6,1457
1458,1458
22_0,1458
1459,1459
22_2,1459
1460,1460
22_3,1460
1461,1461
22_4,1461
1462,1462
22_5,1462
1463,1463
22_6,1463
1464,1464
22_7,1464
1465,1465
24_0,1465
1466,1466
24_3,1466
1467,1467
24_4,1467
1468,1468
24_5,1468
1469,1469
24_7,1469
1470,1470
24_8,1470
1471,1471
24_9,1471
1472,1472
26_0,1472
1473,1473
26_1,1473
1474,1474
26_2,1474
1475,1475
26_3,1475
1476,1476
26_4,1476
1477,1477
26_5,1477
1478,1478
26_6,1478
1479,1479
27_0,1479
1480,1480
27_1,1480
1481,1481
27_2,1481
1482,1482
27_3,1482
1483,1483
27_4,1483
1484,1484
27_8,1484
1485,1485
27_10,1485
1486,1486
29_0,1486
1487,1487
29_2,1487
1488,1488
29_3,1488
1489,1489
29_5,1489
1490,1490
29_7,1490
1491,1491
29_8,1491
1492,1492
29_9,1492
1493,1493
31_0,1493
1494,1494
31_2,1494
1495,1495
31_3,1495
1496,1496
31_4,1496
1497,1497
31_5,1497
1498,1498
31_6,1498
1499,1499
31_7,1499
1500,1500
32_0,1500
1501,1501
32_2,1501
1502,1502
32_3,1502
1503,1503
32_4,1503
1504,1504
32_6,1504
1505,1505
32_8,1505
1506,1506
32_9,1506
1507,1507
33_0,1507
1508,1508
33_1,1508
1509,1509
33_2,1509
1510,1510
33_3,1510
1511,1511
33_4,1511
1512,1512
33_5,1512
1513,1513
33_6,1513
1514,1514
34_0,1514
1515,1515
34_1,1515
1516,1516
34_2,1516
1517,1517
34_3,1517
1518,1518
34_4,1518
1519,1519
34_5,1519
1520,1520
34_6,1520
1521,1521
35_0,1521
1522,1522
35_1,1522
1523,1523
35_2,1523
1524,1524
35_4,1524
1525,1525
35_8,1525
1526,1526
35_9,1526
1527,1527
35_10,1527
1528,1528
36_0,1528
1529,1529
36_3,1529
1530,1530
36_4,1530
1531,1531
36_5,1531
1532,1532
36_6,1532
1533,1533
36_7,1533
1534,1534
36_8,1534
1535,1535
37_0,1535
1536,1536
37_1,1536
1537,1537
37_2,1537
1538,1538
37_3,1538
1539,1539
37_4,1539
1540,1540
37_5,1540
1541,1541
37_6,1541
1542,1542
39_0,1542
1543,1543
39_1,1543
1544,1544
39_2,1544
1545,1545
39_4,1545
1546,1546
39_5,1546
1547,1547
39_6,1547
1548,1548
39_8,1548
1549,1549
43_0,1549
1550,1550
43_1,1550
1551,1551
43_2,1551
1552,1552
43_7,1552
1553,1553
43_4,1553
1554,1554
43_5,1554
1555,1555
43_6,1555
1556,1556
44_0,1556
1557,1557
44_1,1557
1558,1558
44_2,1558
1559,1559
44_3,1559
1560,1560
44_4,1560
1561,1561
44_5,1561
1562,1562
44_6,1562
1563,1563
47_0,1563
1564,1564
47_1,1564
1565,1565
47_3,1565
1566,1566
47_5,1566
1567,1567
47_6,1567
1568,1568
47_7,1568
1569,1569
47_10,1569
1570,1570
48_0,1570
1571,1571
48_1,1571
1572,1572
48_2,1572
1573,1573
48_3,1573
1574,1574
48_4,1574
1575,1575
48_5,1575
1576,1576
48_6,1576
1577,1577
49_0,1577
1578,1578
49_2,1578
1579,1579
49_6,1579
1580,1580
49_11,1580
1581,1581
49_5,1581
1582,1582
49_7,1582
1583,1583
49_9,1583
1584,1584
50_1,1584
1585,1585
50_2,1585
1586,1586
50_4,1586
1587,1587
50_5,1587
1588,1588
50_6,1588
1589,1589
50_8,1589
1590,1590
50_11,1590
1591,1591
52_0,1591
1592,1592
52_1,1592
1593,1593
52_2,1593
1594,1594
52_3,1594
1595,1595
52_4,1595
1596,1596
52_6,1596
1597,1597
52_8,1597
1598,1598
53_0,1598
1599,1599
53_1,1599
1600,1600
53_2,1600
1601,1601
53_3,1601
1602,1602
53_4,1602
1603,1603
53_5,1603
1604,1604
53_6,1604
1605,1605
54_0,1605
1606,1606
54_1,1606
1607,1607
54_2,1607
1608,1608
54_3,1608
1609,1609
54_4,1609
1610,1610
54_5,1610
1611,1611
54_6,1611
1612,1612
56_0,1612
1613,1613
56_2,1613
1614,1614
56_3,1614
1615,1615
56_4,1615
1616,1616
56_5,1616
1617,1617
56_7,1617
1618,1618
56_9,1618
1619,1619
58_0,1619
1620,1620
58_1,1620
1621,1621
58_2,1621
1622,1622
58_4,1622
1623,1623
58_5,1623
1624,1624
58_8,1624
1625,1625
58_9,1625
1626,1626
59_0,1626
1627,1627
59_1,1627
1628,1628
59_2,1628
1629,1629
59_4,1629
1630,1630
59_5,1630
1631,1631
59_6,1631
1632,1632
59_8,1632
1633,1633
60_0,1633
1634,1634
60_1,1634
1635,1635
60_2,1635
1636,1636
60_4,1636
1637,1637
60_5,1637
1638,1638
60_8,1638
1639,1639
60_11,1639
1640,1640
61_0,1640
1641,1641
61_1,1641
1642,1642
61_2,1642
1643,1643
61_3,1643
1644,1644
61_4,1644
1645,1645
61_6,1645
1646,1646
61_10,1646
1647,1647
63_0,1647
1648,1648
63_1,1648
1649,1649
63_2,1649
1650,1650
63_3,1650
1651,1651
63_4,1651
1652,1652
63_5,1652
1653,1653
63_6,1653
1654,1654
65_0,1654
1655,1655
65_1,1655
1656,1656
65_4,1656
1657,1657
65_10,1657
1658,1658
65_6,1658
1659,1659
65_8,1659
1660,1660
65_9,1660
1661,1661
67_1,1661
1662,1662
67_2,1662
1663,1663
67_4,1663
1664,1664
67_5,1664
1665,1665
67_6,1665
1666,1666
67_8,1666
1667,1667
67_10,1667
1668,1668
69_0,1668
1669,1669
69_3,1669
1670,1670
69_5,1670
1671,1671
69_6,1671
1672,1672
69_7,1672
1673,1673
69_8,1673
1674,1674
69_9,1674
1675,1675
70_0,1675
1676,1676
70_1,1676
1677,1677
70_2,1677
1678,1678
70_3,1678
1679,1679
70_4,1679
1680,1680
70_5,1680
1681,1681
70_6,1681
1682,1682
71_0,1682
1683,1683
71_2,1683
1684,1684
71_3,1684
1685,1685
71_4,1685
1686,1686
71_6,1686
1687,1687
Rundtjern,1687
1688,1688
71_8,1688
1689,1689
71_10,1689
1690,1690
72_0,1690
1691,1691
72_1,1691
1692,1692
72_2,1692
1693,1693
72_3,1693
1694,1694
72_4,1694
1695,1695
72_5,1695
1696,1696
72_6,1696
1697,1697
74_0,1697
1698,1698
74_1,1698
1699,1699
74_3,1699
1700,1700
74_4,1700
1701,1701
74_6,1701
1702,1702
74_7,1702
1703,1703
74_8,1703
1704,1704
75_0,1704
1705,1705
75_1,1705
1706,1706
75_2,1706
1707,1707
75_3,1707
1708,1708
75_4,1708
1709,1709
75_5,1709
1710,1710
75_7,1710
1711,1711
77_0,1711
1712,1712
77_1,1712
1713,1713
77_2,1713
1714,1714
77_3,1714
1715,1715
77_4,1715
1716,1716
77_5,1716
1717,1717
77_6,1717
1718,1718
79_0,1718
1719,1719
79_4,1719
1720,1720
79_11,1720
1721,1721
79_7,1721
1722,1722
79_8,1722
1723,1723
79_9,1723
1724,1724
79_10,1724
1725,1725
80_0,1725
1726,1726
80_1,1726
1727,1727
80_2,1727
1728,1728
80_3,1728
1729,1729
80_4,1729
1730,1730
80_5,1730
1731,1731
80_6,1731
1732,1732
81_0,1732
1733,1733
81_1,1733
1734,1734
81_2,1734
1735,1735
81_3,1735
1736,1736
81_6,1736
1737,1737
81_7,1737
1738,1738
81_10,1738
1739,1739
82_2,1739
1740,1740
82_3,1740
1741,1741
82_4,1741
1742,1742
82_7,1742
1743,1743
82_8,1743
1744,1744
82_9,1744
1745,1745
82_10,1745
1746,1746
92_1,1746
1747,1747
92_3,1747
1748,1748
92_4,1748
1749,1749
92_6,1749
1750,1750
92_7,1750
1751,1751
92_10,1751
1752,1752
92_14,1752
1753,1753
93_1,1753
1754,1754
93_2,1754
1755,1755
93_4,1755
1756,1756
93_6,1756
1757,1757
93_10,1757
1758,1758
93_11,1758
1759,1759
93_12,1759
1760,1760
96_1,1760
1761,1761
96_2,1761
1762,1762
96_4,1762
1763,1763
96_5,1763
1764,1764
96_6,1764
1765,1765
96_7,1765
1766,1766
96_8,1766
1767,1767
97_3,1767
1768,1768
97_4,1768
1769,1769
97_6,1769
1770,1770
97_8,1770
1771,1771
97_9,1771
1772,1772
97_10,1772
1773,1773
97_11,1773
1774,1774
98_1,1774
1775,1775
98_4,1775
1776,1776
98_5,1776
1777,1777
98_7,1777
1778,1778
98_10,1778
1779,1779
98_11,1779
1780,1780
98_14,1780
104_1,1781
1781,1781
104_2,1782
1782,1782
104_3,1783
1783,1783
104_4,1784
1784,1784
104_5,1785
1785,1785
104_6,1786
1786,1786
104_7,1787
1787,1787
113_2,1788
1788,1788
113_3,1789
1789,1789
113_4,1790
1790,1790
113_5,1791
1791,1791
113_6,1792
1792,1792
113_7,1793
1793,1793
113_8,1794
1794,1794
116_1,1795
1795,1795
116_2,1796
1796,1796
116_3,1797
1797,1797
116_4,1798
1798,1798
116_5,1799
1799,1799
116_6,1800
1800,1800
116_7,1801
1801,1801
118_1,1802
1802,1802
118_3,1803
1803,1803
118_4,1804
1804,1804
118_15,1805
1805,1805
118_8,1806
1806,1806
118_9,1807
1807,1807
118_14,1808
1808,1808
119_1,1809
1809,1809
119_2,1810
1810,1810
119_3,1811
1811,1811
119_4,1812
1812,1812
119_5,1813
1813,1813
119_7,1814
1814,1814
119_8,1815
1815,1815
120_1,1816
1816,1816
120_2,1817
1817,1817
120_3,1818
1818,1818
120_4,1819
1819,1819
120_5,1820
1820,1820
120_6,1821
1821,1821
120_7,1822
1822,1822
121_1,1823
1823,1823
121_2,1824
1824,1824
121_3,1825
1825,1825
121_4,1826
1826,1826
121_5,1827
1827,1827
121_6,1828
1828,1828
121_7,1829
1829,1829
122_1,1830
1830,1830
122_2,1831
1831,1831
122_3,1832
1832,1832
122_4,1833
1833,1833
122_5,1834
1834,1834
122_6,1835
1835,1835
122_7,1836
1836,1836
1837,1837
Nordgruvetjern/Koboltgruvene,1837
1838,1838
1839,1839
1840,1840
1841,1841
Vilstig i slänten mot Billingen ,1841
1842,1842
1843,1843
1844,1844
1845,1845
1846,1846
1847,1847
1848,1848
Hagasjön,1848
1849,1849
Dammbacken,1849
1850,1850
1851,1851
1852,1852
Tolken,1852
1853,1853
1854,1854
1855,1855
1856,1856
1857,1857
1858,1858
1859,1859
1860,1860
Hajom,1860
1861,1861
Hökensås Ringvägen,1861
1862,1862
Hökensås Kolarevägen,1862
1863,1863
Nåtared,1863
1864,1864
1865,1865
Surtedal,1865
1866,1866
Jogen Liared,1866
1867,1867
"Frännarp, Ulricehamn",1867
1868,1868
Veksjöbergen,1868
1869,1869
Häggårda spången,1869
1870,1870
Alhammar,1870
1871,1871
Häggårda kraftverk,1871
1872,1872
Hjortsberg,1872
1873,1873
Sevred,1873
1874,1874
Dumbäcken Tvärred,1874
1875,1875
"Gulleredssön, Ulricehamn",1875
1876,1876
"Bua, Sjömarken",1876
1877,1877
"Hjortsberg, Fällan",1877
1878,1878
"Salunda, Älmestad",1878
1879,1879
"Lökared, Målsryd",1879
1880,1880
Tosseryd,1880
1881,1881
Hökensås Vitared,1881
1882,1882
Falskog,1882
1883,1883
Västergården Dannike ,1883
1884,1884
Fänneslunda säteri ,1884
1885,1885
"Liareds skjutbana, Ulricehamn ",1885
1886,1886
Götåkra,1886
1887,1887
Tidan Botorp,1887
1888,1888
1889,1889
"Askåsen, Brängen",1889
1890,1890
Grönemad/Knätte,1890
1891,1891
Dalängen/Strängsered,1891
1892,1892
1893,1893
1894,1894
1895,1895
1896,1896
517R1,1896
1897,1897
517R2,1897
1898,1898
518R1,1898
1899,1899
518R2,1899
1900,1900
519R1,1900
1901,1901
519R2,1901
1902,1902
520R1,1902
1903,1903
520R2,1903
1904,1904
526R1,1904
1905,1905
526R2,1905
1906,1906
527R1,1906
1907,1907
527R2,1907
1908,1908
528R1,1908
1909,1909
528R2,1909
1910,1910
531R1,1910
1911,1911
531R2,1911
1912,1912
532R1,1912
1913,1913
532R2,1913
1914,1914
555R1,1914
1915,1915
555R2,1915
1916,1916
585R1,1916
1917,1917
585R2,1917
1918,1918
642R1,1918
1919,1919
642R2,1919
1920,1920
643R1,1920
1921,1921
643R2,1921
1922,1922
644R1,1922
1923,1923
644R2,1923
1924,1924
709R1,1924
1925,1925
709R2,1925
1926,1926
710R1,1926
1927,1927
710R2,1927
1928,1928
711R1,1928
1929,1929
711R2,1929
1930,1930
714R1,1930
1931,1931
714R2,1931
1932,1932
730R1,1932
1933,1933
730R2,1933
1934,1934
731R1,1934
1935,1935
731R2,1935
1344R1,1936
1936,1936
1344R2,1937
1937,1937
1938,1938
736R1,1938
1939,1939
736R2,1939
1940,1940
739R1,1940
1941,1941
739R2,1941
1942,1942
752R1,1942
1943,1943
752R2,1943
1944,1944
756R1,1944
1945,1945
756R2,1945
1946,1946
757R1,1946
1947,1947
757R2,1947
1948,1948
759R1,1948
1949,1949
759R2,1949
1950,1950
760R1,1950
1951,1951
760R2,1951
1952,1952
858R1,1952
1953,1953
858R2,1953
1954,1954
875R1,1954
1955,1955
875R2,1955
1956,1956
877R1,1956
1957,1957
877R2,1957
1958,1958
878R1,1958
1959,1959
878R2,1959
1960,1960
879R1,1960
1961,1961
879R2,1961
1962,1962
884R1,1962
1963,1963
884R2,1963
1964,1964
929R1,1964
1965,1965
929R2,1965
1966,1966
937R1,1966
1967,1967
937R2,1967
1968,1968
975R1,1968
1969,1969
975R2,1969
1100R1,1970
1970,1970
1100R2,1971
1971,1971
1101R1,1972
1972,1972
1101R2,1973
1973,1973
1974,1974
1975,1975
Bockeberget,1975
1976,1976
 Varvsberget,1976
1977,1977
1978,1978
1979,1979
Dansarebacken,1979
1980,1980
1981,1981
1982,1982
1983,1983
1984,1984
1985,1985
1986,1986
1987,1987
1988,1988
1989,1989
1990,1990
1991,1991
1992,1992
1993,1993
1994,1994
1995,1995
1996,1996
1997,1997
1998,1998
1999,1999
2000,2000
2001,2001
2002,2002
2003,2003
2004,2004
2005,2005
Gunnarstorp,2005
2006,2006
Karsmossen,2006
2007,2007
Rosendala 1 ,2007
2008,2008
Rosendala 2,2008
2009,2009
Rosendala 3,2009
2010,2010
2011,2011
Snekkvika/Tjønnskartjønna,2011
2012,2012
Sørbergsli,2012
2013,2013
2014,2014
2015,2015
2016,2016
2017,2017
2018,2018
2019,2019
2020,2020
2021,2021
Mastunga,2021
2022,2022
Petersäng,2022
2027,2027
Bærøe,2027
2028,2028
Daler,2028
2029,2029
3030,3030
Bjørgesæter,3030
3031,3031
Trofosskloppa,3031
3032,3032
3033,3033
Vikamyra 2,3033
3034,3034
3035,3035
Kvernmo2,3035
3036,3036
Kvilebua,3036
3037,3037
Rute 34 punkt 2,3037
3038,3038
Rute 19 punkt 2,3038
3039,3039
Rute 16 punkt 2,3039
3040,3040
Rute 7 Punkt 2,3040
3041,3041
Rute 17 Punkt 2,3041
3042,3042
Rute 17 Punkt 3,3042
3043,3043
Østerholtheia,3043
3044,3044
Rute 5 punkt 2,3044
3045,3045
Rute 5 punkt 3,3045
3046,3046
Hornlia,3046
3056,3056
3057,3057
Andreassætra,3057
3058,3058
Ågårdselva VIDEO,3058
3059,3059
Landdalen punkt 1,3059
3060,3060
Hammarasen3,3060
3061,3061
Hammaråsen1,3061
3062,3062
Oksvollskaret,3062
3063,3063
Rodal,3063
3064,3064
Ursskaret,3064
3065,3065
Mølnhushaugen,3065
3066,3066
Råket,3066
3067,3067
Røsdalen,3067
3068,3068
Grannestjønna,3068
3069,3069
Herringbotn,3069
3070,3070
Högsklätten,3070
3071,3071
Lövåsen,3071
3072,3072
Jytskemyren,3072
3073,3073
Skomsnäs,3073
3074,3074
Norane,3074
3075,3075
Greåna,3075
3076,3076
Lilla Boda,3076
3077,3077
Backa,3077
3078,3078
Ö Boda,3078
3079,3079
Tvängdammen,3079
3080,3080
Nybyggerud,3080
3081,3081
Hällesbyn,3081
3082,3082
Sulerud,3082
3083,3083
Högåsen,3083
3084,3084
Rovtjärn,3084
3085,3085
Björndalen,3085
3086,3086
Öxnevål,3086
3087,3087
Djuptjärn,3087
3088,3088
Bälserud,3088
3089,3089
Kyrkebyn,3089
3090,3090
Sörgårdssätern,3090
3091,3091
Klockarmyren,3091
3092,3092
Gatevattnet,3092
3093,3093
Bergstorp,3093
3094,3094
Duvenäs,3094
3095,3095
Krokstad,3095
3096,3096
Mossviken,3096
3097,3097
Alstrumsängen,3097
3098,3098
Sjöstadhöjden,3098
3099,3099
Nybacka,3099
3100,3100
Brännan,3100
3101,3101
Urvollan,3101
3102,3102
Renoset Video,3102
3103,3103
Skredderstua Video,3103
3104,3104
Rønningen Video,3104
3105,3105
Storgjettjern Video,3105
3106,3106
Urset Video,3106
3110,3110
Boviken ,3110
3111,3111
Korpberget,3111
3112,3112
Högmänningen,3112
3113,3113
Säludden,3113
3114,3114
Gårdsviksfjället,3114
3115,3115
3116,3116
Åmot,3116
3117,3117
Tresdalen,3117
3118,3118
Talken,3118
3119,3119
3120,3120
Flytbäcken,3120
3121,3121
Mörttjärn/Stommen,3121
3122,3122
Nabben,3122
3123,3123
Ätterstupan Rinnefors,3123
3124,3124
Mörkerudsberget,3124
3125,3125
Jungfrutrapporna,3125
3126,3126
Alpung,3126
3127,3127
Upplidsåsen,3127
3128,3128
Rømovika/Rømofeltet,3128
3129,3129
Mellerud Björnö,3129
3130,3130
Stavvasselva,3130
3131,3131
Storskardet,3131
3132,3132
Kroken,3132
3133,3133
Litlelva,3133
3134,3134
Eiterådalen,3134
3135,3135
Drevland,3135
3136,3136
Blåfjellet,3136
3137,3137
Alteret,3137
3138,3138
Stormobekken,3138
3139,3139
Tverråga,3139
3140,3140
Holt 2,3140
3141,3141
3142,3142
3143,3143
Bekkevold2,3143
2_0 Avsluttet rute,3144
3144,3144
3145,3145
38_0 Avsluttet rute,3145
3146,3146
Aunskaret,3146
3147,3147
3148,3148
3149,3149
3150,3150
Gressgardsetra,3150
3151,3151
3152,3152
3153,3153
3154,3154
3155,3155
3156,3156
3157,3157
3158,3158
3159,3159
3160,3160
3161,3161
3162,3162
3163,3163
3164,3164
3165,3165
3166,3166
3167,3167
3168,3168
3169,3169
3170,3170
3171,3171
Skullerud,3171
3172,3172
1254_B Kolsrud,3173
3173,3173
3174,3174
824_B Plass ved skianlegget,3174
3175,3175
828_B Gutterud,3175
3176,3176
834_B Olhovd,3176
3177,3177
825_B Bratterud,3177
3178,3178
829_B Nordre Gren,3178
3179,3179
944_B Vestbyvarde,3179
3180,3180
943_B Hamremoen,3180
3181,3181
839_B Lobben,3181
3182,3182
849_B Krøderen,3182
3183,3183
840_B Høgåsen,3183
1253_B ,3184
3184,3184
3185,3185
843_B Fjerdingstad,3185
3186,3186
835_B Smørkollen,3186
3187,3187
833_B Urdhogget,3187
3188,3188
822_B Lagmannskollen,3188
3189,3189
942_B Tuftinåsen,3189
3190,3190
823_B Blekåsen,3190
3191,3191
850_B Væleren syd,3191
3192,3192
455_B Gaupskardet,3192
3193,3193
831_B Hjelmerud,3193
3194,3194
827_B Anbjørgåsen,3194
3195,3195
925_B Askerudbekken,3195
3196,3196
848_B Somdalskollen,3196
3197,3197
842_B Hørtekollen,3197
3198,3198
845_B Heggsjøen,3198
3199,3199
456_B Sundvollen,3199
3200,3200
953_B Tveiter,3200
15_B Digerud,3201
3201,3201
3202,3202
656_B Kjenn,3202
193_B Nordbytunnellen,3203
3203,3203
3204,3204
651_B Sjødalsåsen,3204
3205,3205
513_B Grefsen,3205
3206,3206
501_B Hansekollen,3206
231_B Marbukollen,3207
3207,3207
3208,3208
488_B Sølvdobla,3208
127_B Gjetsjøvannet,3209
3209,3209
3210,3210
328_B Andersrud,3210
257_B Ødegården,3211
3211,3211
3212,3212
971_B Ravnåsen 2,3212
3213,3213
3214,3214
3215,3215
3216,3216
3217,3217
3218,3218
3219,3219
3220,3220
3221,3221
Lykjeåkeren,3221
3222,3222
3223,3223
3224,3224
3225,3225
3226,3226
3227,3227
3228,3228
3229,3229
3316,3316
3317,3317
3318,3318
Åbjør,3318
3319,3319
3320,3320
3321,3321
3322,3322
3323,3323
3324,3324
Gamle Rossgutua,3324
3325,3325
Foringsstasjon/Kadaverkamera,3325
3326,3326
Nygårdssetra,3326
3327,3327
3328,3328
3329,3329
3330,3330
3331,3331
3332,3332
Øverlibygd,3332
3333,3333
Digerud_Video,3333
3334,3334
3335,3335
Kjenn_Video,3335
3336,3336
Trøsken2_Video,3336
3337,3337
3338,3338
Ekeberg (361) ekstra video,3338
3339,3339
3340,3340
3341,3341
Botnes,3341
3342,3342
Fjell,3342
3343,3343
3344,3344
3345,3345
Stormorka,3345
3346,3346
3347,3347
Rustom,3347
3348,3348
Formolie,3348
3349,3349
3350,3350
3351,3351
3352,3352
IKKE BRUK _ Tekna,3352
3353,3353
Tekna/Stor-Elvdal,3353
4353,4353
Månsæterkletten/Stor-Elvdal,4353
4354,4354
Månesvingen/Stor-Elvdal,4354
4355,4355
Stai/ Stor-Elvdal,4355
4356,4356
Vågårusti,4356
4357,4357
Trælvika,4357
4358,4358
4359,4359
4360,4360
Rådsbakken,4360
4361,4361
Øverligrenda,4361
4362,4362
Skrindelia,4362
4363,4363
4364,4364
Ilstad,4364
4365,4365
4366,4366
Hoelsætervegen,4366
4367,4367
Buflåten,4367
4369,4369
4370,4370
Fuglberget,4370
4371,4371
4372,4372
Øvre Bergum,4372
4373,4373
Gruvberget,4373
4374,4374
4375,4375
Huuse,4375
4376,4376
Kalstadberget,4376
4377,4377
Kremmerlia,4377
4378,4378
Kartberget,4378
4379,4379
Rognstadvegen,4379
4380,4380
Roåker,4380
4381,4381
Nord-Tretten,4381
4382,4382
Søre Brekkom,4382
4383,4383
Venabygd,4383
4384,4384
Myrseter,4384
4385,4385
Sør-Strand,4385
4386,4386
Dålåstigen,4386
4387,4387
Søre Lia,4387
4400,4400
4443,4443
Hiåsen,4443
4460,4460
4461,4461
4462,4462
Vansjø e6,4462
4463,4463
Hølen - Bilder,4463
4464,4464
Pyttskog - video,4464
4465,4465
IKKE BRUK,4465
4466,4466
Rotneim,4466
4467,4467
Kastet 2,4467
4470,4470
4471,4471
Dølannemyra2,4471
4472,4472
Andersrud (HP600),4472
4473,4473
100,
101,
102,
105,
106,
108,
109,
11,
111,
112,
113,
114,
115,
116,
117,
12,
120,
122,
125,
127,
128,
129,
13,
130,
132,
135,
136,
139,
14,
140,
142,
145,
146,
148,
149,
15,
150,
153,
154,
155,
157,
16,
161,
162,
164,
168,
17,
170,
177,
183,
185,
186,
187,
193,
194,
195,
20,
21,
211,
224,
23,
233,
235,
24,
240,
241,
242,
252,
259,
26,
27,
274,
275,
29,
290,
293,
294,
30,
301,
315,
32,
322,
3230,
3231,
3232,
3233,
3234,
3235,
3236,
3237,
3238,
3239,
3240,
3241,
3242,
3243,
3244,
3245,
3246,
3247,
3248,
3249,
3250,
3251,
3252,
3253,
3254,
3255,
3256,
3257,
3258,
3259,
3260,
3261,
3262,
3263,
3264,
3265,
3266,
3267,
3268,
3269,
3270,
3271,
3272,
3273,
3274,
3275,
3276,
3277,
3278,
3279,
3280,
3281,
3282,
3283,
3284,
3285,
3286,
3287,
3288,
3289,
3290,
3291,
3292,
3293,
3294,
3295,
3296,
3297,
3298,
3299,
33,
3300,
3301,
3302,
3303,
3304,
3305,
3306,
3307,
3308,
3309,
3310,
3311,
3312,
3313,
3314,
3315,
333,
34,
344,
346,
348,
351,
354,
355,
36,
361,
363,
37,
377,
38,
381,
385,
39,
392,
4,
40,
403,
41,
411,
412,
416,
42,
421,
422,
43,
430,
4388,
4389,
4390,
4391,
4392,
4393,
4394,
4395,
4396,
4397,
4398,
4399,
44,
4401,
4402,
4403,
4404,
4405,
4406,
4407,
4408,
4409,
4410,
4411,
4412,
4413,
4414,
4415,
4416,
4417,
4418,
4419,
4420,
4421,
4422,
4423,
4424,
4425,
4426,
4427,
4428,
4429,
4430,
4431,
4432,
4433,
4434,
4435,
4436,
4437,
4438,
4439,
4440,
4441,
4442,
4444,
4445,
4446,
4447,
4448,
4449,
4450,
4451,
4452,
4453,
4454,
4455,
4456,
4457,
4458,
4459,
4468,
4469,
4474,
45,
450,
453,
47,
472,
473,
479,
486,
4925,
5,
50,
52,
53,
54,
548,
56,
58,
59,
60,
61,
64,
65,
67,
68,
69,
70,
72,
73,
76,
77,
78,
80,
81,
82,
84,
85,
86,
87,
88,
89,
90,
91,
92,
93,
94,
98,
Anbjørgåsen,
Årungen,
Askerudbekken,
Aura,
Bakke,
Balberg,
Bekkensten,
Belsbyåsen,
Bergulvholet,
Billingen,
Bjørgosletta,
Bjørnerud,
Blikberget,
Bogen,
Bråten,
Brattåsen,
Brattbakken,
Bratterud,
Dalsjöfors,
Digerud,
Duvnäs,
Eid,
Eid_Tillegg,
Ekeberg,
Ellingstadåsen,
Ensrud,
Fjøskollen,
Folkvang,
Galtedalen,
Garbuåsen,
Gjerdingje,
Gjerdvika,
Glomstad,
Gresholtkollen,
Grua,
Gutterud,
Hagen,
Hamremoen,
Haugen,
Haugerud,
Heggdalen,
Hjelmerud,
Holmen,
Jordet,
Kaffebanken,
Klasttstølen,
Kløv,
Kraftkollen,
Krøderen,
Kumperudelva,
Kvennhusdalen,
Lagmannskollen/Tjuvenborgen,
Langberget,
Leivset,
Lervannselva,
Lindtho,
Linnlia,
LO,
Lobben,
Løkenseter,
Lommelands-Mörk,
Lundelia,
Lunner,
Maurtjernsbrenna,
Midtre Snertingdal,
Mørk,
Muggedalen,
Noraker,
Nordbytunnellen,
Nordherad,
Nordsvensfjorden,
Odnesberget,
Øfsa,
Olhovd/Rappula,
Ommelstad,
Øra,
Østtukun2,
Øvre Bø,
Øysetra,
Pekstad,
Plass ved skianlegget,
Puttekollen,
Pyttskog,
Randen,
Riisby,
Roo,
Rute 1,
Rute 10,
Rute 11,
Rute 12,
Rute 13,
Rute 14,
Rute 15,
Rute 16,
Rute 17,
Rute 18,
Rute 2,
Rute 20,
Rute 21,
Rute 22,
Rute 24,
Rute 25,
Rute 3,
Rute 30,
Rute 31,
Rute 32,
Rute 33_2,
Rute 35,
Rute 36,
Rute 37,
Rute 38,
Rute 39,
Rute 4,
Rute 40,
Rute 44,
Rute 5,
Rute 6,
Rute 7,
Rute 8,
Rute 9,
Sessarudkollen,
Skardhamran,
Skartlibygda,
Skrautvål,
Skrukli,
Slorebråten,
Smørkollen,
Stentjønna,
Store Hiesten,
Støvset,
Stryken,
Svarverud,
Svenådalen,
test2,
Tollerudåsen,
Torkelsrud,
Torvfesta,
Trolldalen,
Trongskardet,
Tuftinåsen,
Tveiter,
Ulvåa,
Vanakleiva,
"Varåa, Storenget",
Vestbyvarden,
Vikeberget,
Viskis,
